{
    "avg_prec": {
        "train": 0.8885371825008153,
        "test": 0.861350512940001
    },
    "roc_auc": {
        "train": 0.8832394599265765,
        "test": 0.8667165026820898
    }
}
